Id,BIRTHDATE,DEATHDATE,SSN,DRIVERS,PASSPORT,PREFIX,FIRST,MIDDLE,LAST,SUFFIX,MAIDEN,MARITAL,RACE,ETHNICITY,GENDER,BIRTHPLACE,ADDRESS,CITY,STATE,COUNTY,FIPS,ZIP,LAT,LON,HEALTHCARE_EXPENSES,HEALTHCARE_COVERAGE,INCOME
3f8b05d5-e308-5487-555e-c27195b78737,2001-07-03,,999-33-8435,S99926912,X59166194X,Mr.,Thaddeus38,Gene733,Mohr916,,,,black,nonhispanic,M,East Douglas  Massachusetts  US,109 Langosh Dale Suite 19,Norwood,Massachusetts,Norfolk County,25021,02062,42.18588784541202,-71.15448538438508,38948.52,19399.31,71238
fa06216a-76f7-c75d-ef7b-8c1e9236848b,1977-02-15,,999-61-5594,S99939930,X55723777X,Mr.,Quincy153,Norris589,Brakus656,,,D,white,nonhispanic,M,Methuen  Massachusetts  US,918 Shields Annex,Haverhill,Massachusetts,Essex County,25009,01830,42.83302499732323,-71.13133416490645,8614.91,134208.95,16980
6b4f5bfa-3586-2f99-b3eb-aafa204beac9,1963-07-09,,999-77-7941,S99917135,X54658470X,Mr.,Tomas436,Elijah719,Lindgren255,,,M,white,nonhispanic,M,Wilmington  Massachusetts  US,212 Kshlerin Terrace Apt 65,Plymouth,Massachusetts,Plymouth County,25023,02360,41.9015270690454,-70.58597979093454,195389.93,25578.20,107290
a84052f7-8d99-b933-9b26-703cd2d24d66,1962-02-03,,999-81-9665,S99947396,X24573360X,Mrs.,Marvella276,Lucila204,Ryan260,,Koch169,M,white,nonhispanic,F,Billerica  Massachusetts  US,448 Ritchie Center Suite 68,Everett,Massachusetts,Middlesex County,25017,02148,42.379206264203255,-71.06551251206014,668551.06,155599.47,110910
ef46b57b-58aa-1208-1d41-d71f0ea87221,2011-12-30,,999-27-5926,,,,Marge692,Grazyna952,Heathcote539,,,,white,nonhispanic,F,Melrose  Massachusetts  US,708 Yost Terrace Suite 62,Forestdale,Massachusetts,Barnstable County,25001,02644,41.718563958452954,-70.46608066364952,36023.77,501.18,118601
bd5720df-dddf-d0c5-e10f-21f8deac77d8,2006-07-28,,999-96-8801,S99965145,,Mr.,Adolph80,,Ziemann98,,,,white,nonhispanic,M,Wilmington  Massachusetts  US,803 Hilpert Vista,Pembroke,Massachusetts,Plymouth County,,00000,42.02359539533444,-70.81428115812945,34858.14,37655.14,677792
27991a58-f8b3-4a03-3c70-8322b37f665c,1981-06-26,,999-28-7051,S99934921,X12133877X,Mrs.,Meaghan273,Serina556,Willms744,,Gaylord332,M,white,nonhispanic,F,Amherst  Massachusetts  US,1039 Larson Mill Suite 37,Peabody,Massachusetts,Essex County,25009,01960,42.56186160485938,-71.04677933767397,199178.99,472908.06,148100
2494e998-c6dc-973f-34da-859d22e3412b,1959-11-13,,999-37-5159,S99986586,X42833108X,Mr.,Cody889,Forest317,Bailey598,,,S,white,nonhispanic,M,Boston  Massachusetts  US,830 Sporer Light Apt 85,Southwick,Massachusetts,Hampden County,,00000,42.05677889704371,-72.74532507466543,168203.45,47251.37,39094
fee62ca0-872a-18a1-4ac9-83b614fbc49f,2023-09-10,,999-86-2644,,,,Alexander630,Casey401,Botsford977,,,,native,nonhispanic,M,Fall River  Massachusetts  US,732 Wuckert Corner,Springfield,Massachusetts,Hampden County,25013,01128,42.07120269143814,-72.54618340969824,8420.34,17.02,59883
c3a2b59a-a2f4-d951-da2d-210704dcf307,1955-07-19,2000-10-13,999-54-3226,S99953370,X89253084X,Ms.,Thuy136,Sherry479,Okuneva707,,,S,white,nonhispanic,F,Framingham  Massachusetts  US,1065 Bogan Loaf Apt 70,Newburyport,Massachusetts,Essex County,25009,01951,42.822920982643716,-70.88560826038606,221213.64,712878.50,25966
d9a2e963-3812-a62a-fd67-311c5d21ec4e,1967-02-01,,999-12-1138,S99920231,X27802892X,Mrs.,Marylynn944,Yelena240,Jast432,,Luettgen772,M,white,nonhispanic,F,Bridgewater  Massachusetts  US,738 Macejkovic Mill,Shrewsbury,Massachusetts,Worcester County,,00000,42.244030115861364,-71.73523921444728,261546.68,286530.16,133789
94123c2b-6793-6729-b5e7-0f223213cb31,2008-07-09,,999-99-4893,S99957539,,,Florentino8,Burton124,Kuhic920,,,,white,nonhispanic,M,Wilmington  Massachusetts  US,342 Stark Way Unit 67,Haverhill,Massachusetts,Essex County,25009,01835,42.74047676756141,-71.11739550641317,88599.56,663404.66,35086
2ab17e95-cc73-76ff-8f4a-d4ae73044fd4,1945-05-01,,999-28-8194,S99982647,X34351783X,Ms.,Nisha529,Lorinda137,Kilback373,,,S,white,nonhispanic,F,North Andover  Massachusetts  US,740 Windler Viaduct,Malden,Massachusetts,Middlesex County,25017,02155,42.43083143468661,-71.07690774313464,658963.56,448629.75,69493
f89f5c3f-f759-9bb5-08e4-28ca58afc31f,1995-09-03,,999-10-8565,S99964984,X32303718X,Mrs.,Gabriele201,Margurite588,Reilly981,,Wehner319,M,hawaiian,nonhispanic,F,Watertown  Massachusetts  US,515 Treutel Course,Brockton,Massachusetts,Plymouth County,25023,02302,42.05964070785615,-71.01242870530851,116512.05,828218.88,29948
d1bc1011-b838-57cf-2821-1563925e545c,1955-07-19,2006-01-17,999-62-7352,S99985290,X49075778X,Ms.,Babette571,Williemae619,Baumbach677,,,S,white,nonhispanic,F,Millers Falls  Massachusetts  US,479 Bahringer Village Suite 11,Newburyport,Massachusetts,Essex County,25009,01951,42.86024399568977,-70.88480598777087,193499.24,1013062.29,25966
ffedfc46-8fe0-b5e9-8fe3-298204f335fa,1992-04-01,,999-54-2519,S99964187,X41558765X,Mr.,Adalberto916,,Borer986,,,M,white,nonhispanic,M,Hingham  Massachusetts  US,430 Robel Skyway,Boston,Massachusetts,Suffolk County,25025,02122,42.34067620927687,-71.08846180908239,8531.41,426241.62,4841
4d1d1986-0af4-9252-f83e-51408f8a36cc,1969-03-10,,999-92-6141,S99913211,X54794469X,Mr.,Keenan632,Nathanial472,Gorczany269,,,S,white,nonhispanic,M,Webster  Massachusetts  US,1086 Hickle Way,Norton,Massachusetts,Bristol County,,00000,41.96655346406892,-71.19608143221613,257083.04,0.00,85030
97ec2545-e818-1823-e15c-7b0b5581ce76,2016-11-06,,999-48-7470,,,,Randy380,Zachariah133,Goodwin327,,,,white,nonhispanic,M,Haverhill  Massachusetts  US,533 Howell Plaza,Revere,Massachusetts,Suffolk County,25025,02151,42.44932633329978,-71.00641996797222,13176.46,5299.24,41226
c82178c0-41c0-c2fa-3f0e-206f08a3e818,1983-02-25,,999-36-8084,S99950152,X3116692X,Mr.,Josef103,Rigoberto443,Greenfelder433,,,S,white,nonhispanic,M,Swansea  Massachusetts  US,942 Huels Green Unit 20,Haverhill,Massachusetts,Essex County,25009,01832,42.78209192794853,-71.10375693720604,93337.55,0.00,79351
782fc150-1c37-3063-ea51-cb8f09fe56f2,1955-07-19,2021-09-04,999-86-5181,S99943041,X70651842X,Mrs.,Anette189,Elaine830,Brown30,,Abbott774,M,white,nonhispanic,F,East Douglas  Massachusetts  US,445 Harber Highlands,Newburyport,Massachusetts,Essex County,25009,01950,42.856571614535426,-70.8645595745406,132636.84,412290.51,25966
4a9207b5-b12a-6e86-798c-b5aaebfb9989,1976-02-09,,999-14-5402,S99911671,X69079024X,Mrs.,Charlott617,Lila466,Keebler762,,Cassin499,M,white,nonhispanic,F,Salem  Massachusetts  US,1029 Corwin Burg,Plymouth,Massachusetts,Plymouth County,25023,02360,41.864325766177785,-70.60197531703012,530420.72,376182.04,92807
2008e178-bea2-1659-c87b-2e4fa58f0789,1975-02-12,,999-93-4872,S99941786,X43541187X,Mr.,Rick943,,Mann644,,,M,white,nonhispanic,M,Boston  Massachusetts  US,505 Schowalter Port Suite 52,Salem,Massachusetts,Essex County,25009,01970,42.490498443043016,-70.87038927763238,195002.53,588431.38,471491
a33c8ba8-69c3-2ff1-63e3-09de5384a7f7,1955-12-25,,999-40-1414,S99937238,X16342209X,Mr.,Kerry175,Rudolf736,Zboncak558,,,M,white,nonhispanic,M,Canton  Massachusetts  US,509 Grady View Suite 73,Quincy,Massachusetts,Norfolk County,25021,02170,42.323105072766865,-71.0047503121622,473625.71,341321.24,45370
1f16793f-b1bf-b1c3-b400-087d84e3ce23,2016-07-30,,999-57-3899,,,,Eulalia351,,Smitham825,,,,white,hispanic,F,Milton  Massachusetts  US,155 Morissette Promenade,Lawrence,Massachusetts,Essex County,25009,01841,42.68652415564108,-71.17705892178233,13954.81,8855.93,150934
8e45a200-1035-83c0-1ea7-971c3834d9f3,1981-11-19,,999-45-9410,S99961412,X2692046X,Mr.,Quintin944,Jesse626,Hessel84,PhD,,M,white,nonhispanic,M,Russell  Massachusetts  US,1023 Schowalter Track Suite 0,Danvers,Massachusetts,Essex County,25009,01923,42.57407592242729,-70.96007160340788,36318.46,132935.91,42254
dbe9ed52-35d9-5e2f-4826-37baa005f350,1963-08-28,,999-23-4163,S99979505,X12529241X,Ms.,Jacalyn740,Regena252,Yundt842,,,S,white,nonhispanic,F,Lakeville  Massachusetts  US,132 Bosco Bridge Suite 20,Barre,Massachusetts,Worcester County,25027,01005,42.37330986964345,-72.09918267222103,354853.45,718521.52,123333
d3abd38d-13c7-5be1-cd17-19b2190a6fe3,1994-01-12,,999-13-5570,S99981670,X36583358X,Mrs.,Dawne25,Robbyn526,Terry864,,Dach178,M,white,nonhispanic,F,Springfield  Massachusetts  US,196 Gottlieb Path,Fall River,Massachusetts,Bristol County,25005,02790,41.69535808260597,-71.09181293188138,365860.86,11160.98,66468
5213995f-58df-e214-2c1b-ff4fcb0c1fc0,1983-07-08,,999-48-1044,S99994642,X12949430X,Mr.,Johnson679,Pedro316,Bauch723,,,M,white,nonhispanic,M,Mansfield  Massachusetts  US,592 Corkery Rue Unit 65,Medford,Massachusetts,Middlesex County,25017,02145,42.377030758780556,-71.10951519259494,147980.38,5085.15,97996
96f2c23f-2f96-749e-2e2f-73f4d054a6e6,1989-11-07,,999-69-2358,S99948185,X39288100X,Ms.,Ariadna374,Blanca837,Maya972,,,S,black,nonhispanic,F,Carolina  Puerto Rico  PR,510 Dicki Rest Unit 16,Agawam,Massachusetts,Hampden County,25013,01030,42.10488596888568,-72.64587022377371,296119.22,761401.14,58335
8b84b9f9-fe3f-77cd-4fc4-28d31c6093b3,1979-04-18,,999-10-7941,S99926894,X12861326X,Mr.,Bud153,Ozzie259,Price929,,,M,white,nonhispanic,M,Brockton  Massachusetts  US,671 Dietrich Road,Pembroke,Massachusetts,Plymouth County,,00000,42.09791502093886,-70.7809335880082,113652.15,4427.25,123730
f2d2221e-6b68-e27e-bacd-0795cbf1979f,1955-07-19,,999-23-8678,S99950821,X54260961X,Mrs.,Lilian665,,Roob72,,Harris789,M,white,nonhispanic,F,Rockland  Massachusetts  US,428 O'Reilly Spur,Newburyport,Massachusetts,Essex County,25009,01950,42.81188980486217,-70.89775158665941,309596.20,918161.27,25966
8b593f1a-e27d-358c-0525-cbf4875c2f2b,1997-06-19,2008-12-06,999-93-5296,,,,Philomena945,Rosemarie149,Moen819,,,,white,nonhispanic,F,Worcester  Massachusetts  US,773 Ratke Path,Dedham,Massachusetts,Norfolk County,25021,02090,42.25005139844169,-71.1809049873812,30886.26,0.00,57143
1f2cf36f-bb38-935f-85f4-1110eb7e39b5,1960-03-26,,999-37-3025,S99995152,X56027620X,Mrs.,Priscilla527,Mariette443,Bruen238,,Pouros728,M,white,nonhispanic,F,Holden  Massachusetts  US,655 Nader Row Suite 43,Revere,Massachusetts,Suffolk County,25025,02151,42.431157113236196,-70.97490007137289,242627.97,352501.70,28565
081cef59-7e07-a774-3419-505fae393146,1968-05-23,,999-50-6481,S99970788,X44462243X,Mrs.,Leola603,Kristal814,Sauer652,,Yundt842,M,white,nonhispanic,F,Boston  Massachusetts  US,962 Bailey Dam,Newton,Massachusetts,Middlesex County,25017,02462,42.29766228139596,-71.21000328218133,1143051.18,675826.98,59818
845c7634-80af-73bf-81fa-5432c660347d,1975-07-31,,999-75-8134,S99992252,X27959725X,Mrs.,María Luisa888,,Contreras711,,Serrano248,M,black,hispanic,F,Ponce  Puerto Rico  PR,722 Purdy View,Cohasset,Massachusetts,Norfolk County,,00000,42.279977653783774,-70.8061165152552,144833.36,201158.34,158996
013d8989-3058-bfad-5fb9-163dc6d16553,1997-06-19,,999-84-5360,S99917688,X39699206X,Mrs.,Mandie666,Gregoria352,Schimmel440,,Pouros728,M,white,nonhispanic,F,Springfield  Massachusetts  US,407 Bashirian Camp Unit 42,Dedham,Massachusetts,Norfolk County,25021,02026,42.290050488230136,-71.21793738269574,83275.67,891519.12,57143
f2be6ef1-7d1d-3bd7-813b-496de398a005,1978-05-20,,999-79-6365,S99945516,X29011766X,Mrs.,Chanelle850,Meridith488,Barrows492,,Hand679,M,white,nonhispanic,F,Braintree  Massachusetts  US,442 Schumm Flat,Swansea,Massachusetts,Bristol County,,00000,41.7647835649035,-71.1742932394861,631894.11,724442.16,45621
151a9125-86c4-ee37-3c05-0761cf0e7405,1997-11-28,,999-10-6305,S99958705,X67085789X,Ms.,Elvira561,Amalia471,Ávila241,,,,asian,hispanic,F,Lima  Lima Province  PE,777 Schiller Vale,Boston,Massachusetts,Suffolk County,25025,02132,42.35650250977751,-71.1322009885109,108044.80,473519.43,87545
81ebf548-e1cd-bc33-bcb7-1c78e63c0d41,1980-12-10,,999-70-9309,S99993070,X33044359X,Mrs.,Jada948,Kasandra729,Walter473,,Walter473,D,white,nonhispanic,F,Holbrook  Massachusetts  US,1074 Stracke Gate Suite 23,Lawrence,Massachusetts,Essex County,25009,01841,42.70764978580057,-71.1502787406692,314331.49,456007.38,28323
004248a6-a9b0-a925-6f0c-8faa327d7ab8,1941-01-09,1994-08-10,999-72-5796,S99939007,X49225884X,Mrs.,David908,Elinor7,Breitenberg711,,Steuber698,M,white,nonhispanic,F,North Andover  Massachusetts  US,714 Mosciski Village,Milford,Massachusetts,Worcester County,25027,01757,42.205484572633374,-71.49973748955118,1150768.10,408145.42,50916
038fb4b1-0ed9-38dc-446a-2749a5f297da,1954-09-19,2018-07-02,999-58-2651,S99989413,X36783954X,Mrs.,Tracee120,Cindi877,MacGyver246,,Armstrong51,M,black,nonhispanic,F,Boston  Massachusetts  US,446 Schmeler Club Suite 62,Bridgewater,Massachusetts,Plymouth County,25023,02324,41.97569132794175,-71.0192778772847,985837.52,291640.89,106454
a6f40643-21f9-3c8e-a27b-56a6d9a5a892,1946-04-06,,999-10-1535,S99945833,X79356203X,Mr.,Hunter736,Dee580,Mills423,,,M,asian,nonhispanic,M,Shanghai  Shanghai Municipality  CN,419 Gorczany Ranch,Lowell,Massachusetts,Middlesex County,25017,01852,42.6769295916527,-71.33800083639468,158498.74,183342.75,32897
a20356af-85ab-27b4-d6b5-86aad0eb2f97,1941-01-09,,999-17-5416,S99976162,X25262274X,Ms.,Florinda19,Hermina428,Hoppe518,,,S,white,nonhispanic,F,Malden  Massachusetts  US,879 Medhurst Light,Milford,Massachusetts,Worcester County,25027,01757,42.17845201581442,-71.57081636236686,1307071.60,600352.86,50916
8dc083e6-824c-ddb8-0867-7884618623c3,2000-06-27,,999-96-8376,S99924676,X18979669X,Mr.,Elmer371,,White193,,,,white,nonhispanic,M,Easton  Massachusetts  US,673 Murphy Byway,Boston,Massachusetts,Suffolk County,25025,02128,42.28568534269967,-71.02454005700467,8513.11,670590.91,4019
9ec84226-75b9-d675-e54d-94ad3ca05184,1954-09-19,,999-53-6289,S99920442,X40100640X,Mrs.,Lesa839,Keren761,Greenfelder433,,Hilpert278,M,black,nonhispanic,F,Salem  Massachusetts  US,117 Beer Trail,Bridgewater,Massachusetts,Plymouth County,25023,02324,42.01840467954634,-70.95139153729684,1073386.10,472916.20,106454
c5bf4e85-a1e2-d49a-5336-429c5668930b,1977-05-27,,999-60-5063,S99951248,X54789629X,Mr.,Eduardo902,Gaylord332,Bernier607,,,M,white,nonhispanic,M,Boston  Massachusetts  US,493 Turcotte Drive,Bourne,Massachusetts,Barnstable County,25001,02532,41.72519457573348,-70.6289309309231,7818.82,111476.26,20606
0d2b6b66-5e08-d9df-efab-4fee8de98843,2001-11-02,,999-30-9744,S99922690,X67721817X,Ms.,Kalyn451,Berna338,Zboncak558,,,,black,nonhispanic,F,Northampton  Massachusetts  US,863 Ortiz Bypass Unit 20,Freetown,Massachusetts,Bristol County,,00000,41.75079034608698,-71.04146296848731,105973.04,178104.77,42616
3e16b7d2-8ef7-9853-0059-20477b856348,2008-10-20,,999-87-8337,S99934482,,,Argentina169,,Kulas532,,,,white,nonhispanic,F,Acushnet Center  Massachusetts  US,752 Rohan Corner,Springfield,Massachusetts,Hampden County,25013,01109,42.11733635671601,-72.56862723283157,64578.64,116113.67,40880
ddbb5ab3-8e15-c432-68b3-9587c267c247,2017-02-01,,999-64-2669,,,,Nicholas495,Carter549,Dooley940,,,,asian,nonhispanic,M,Beverly  Massachusetts  US,763 Schumm Arcade,Quincy,Massachusetts,Norfolk County,25021,02169,42.311613922077335,-70.99302073395044,23198.34,0.00,136410
51e39027-2ef6-0ee5-d409-f77a3235f9b7,1996-08-16,,999-21-9145,S99930056,X41918372X,Mrs.,Krystal150,Sherly665,Collier206,,Waelchi213,M,white,nonhispanic,F,Boston  Massachusetts  US,274 Streich Highlands,Boston,Massachusetts,Suffolk County,25025,02116,42.327219656110074,-71.19876656919148,92981.70,154467.39,33061
219265f9-2a0f-ac15-71c6-7e424455a025,2004-10-17,,999-95-3159,S99954390,X37390977X,Mr.,Marshall526,Carroll471,Barton704,,,,white,nonhispanic,M,Boston  Massachusetts  US,180 D'Amore Arcade Unit 29,Petersham,Massachusetts,Worcester County,25027,01366,42.44749724008629,-72.24632175834651,75602.83,16647.62,55923
51787593-4e94-1156-68c9-0bbc278276d2,1950-10-13,,999-45-1226,S99965787,X75803470X,Mr.,Issac619,Waylon572,Huel628,,,D,white,nonhispanic,M,Raynham  Massachusetts  US,690 Boyle Mall,Northbridge,Massachusetts,Worcester County,,00000,42.15238019898256,-71.688929112599,34447.43,782381.29,10662
4356eb09-fe53-44c5-08ef-2d21489dd779,1955-07-01,,999-79-6365,S99918530,X72667852X,Mrs.,Delores12,Karon907,Paucek755,PhD,Botsford977,D,asian,hispanic,F,Worcester  Massachusetts  US,170 Barrows Gate Unit 83,Chelsea,Massachusetts,Suffolk County,25025,02150,42.42947187650946,-71.09639150651752,262516.24,213623.87,136303
db960f86-045d-e351-94a3-02e48b2a7f25,1954-09-18,,999-74-5641,S99957675,X12937153X,Mrs.,Eilene124,,Toy286,,Hartmann983,M,hawaiian,nonhispanic,F,Boston  Massachusetts  US,163 Bernier Village,Pembroke,Massachusetts,Plymouth County,,00000,42.03887931818046,-70.85183528867339,276334.76,500772.05,150768
48af47ff-4691-c1d7-f73c-66ea5315cace,1949-05-05,,999-44-4135,S99933374,X88765301X,Mrs.,Shera199,Cherie102,McClure239,,Halvorson124,M,white,nonhispanic,F,Rockland  Massachusetts  US,611 Spencer Divide,Plymouth,Massachusetts,Plymouth County,25023,02360,41.875022109846284,-70.61312080685579,891937.18,322058.47,95712
dad85eef-ea6c-6708-5a5b-8b48994265b5,2002-07-02,,999-61-8970,S99975447,X1918710X,Mr.,Keenan632,Pat3,Emmerich580,,,,white,nonhispanic,M,Rutland  Massachusetts  US,648 Moen Glen Unit 92,Clinton,Massachusetts,Worcester County,25027,01510,42.39439809622641,-71.7252750604603,70901.08,543.87,111388
faecadfb-c68b-be29-30cc-6a66f5a05c41,1994-08-29,,999-72-9368,S99942713,X73480264X,Mrs.,Inell560,Venus149,Heidenreich818,,Mills423,M,white,nonhispanic,F,Arlington  Massachusetts  US,666 Jerde Arcade,Hanover,Massachusetts,Plymouth County,,00000,42.14338558164978,-70.8605442534959,154297.77,188289.40,90352
c2f728c4-312d-e4ae-7ff1-6952996282ba,2009-11-30,,999-93-2556,,,,Leonor133,,Kerluke267,,,,white,nonhispanic,F,Worcester  Massachusetts  US,689 Stark Walk,Oak Bluffs,Massachusetts,Dukes County,,00000,41.47784010238105,-70.559397323671,73345.22,389389.54,37251
1703845e-9072-2997-6639-963870becdf3,1983-11-03,,999-80-4638,S99996010,X79321085X,Mrs.,Pauletta164,Valeria950,Hessel84,,Breitenberg711,M,white,nonhispanic,F,Boston  Massachusetts  US,446 Hoppe Junction Apt 36,Chicopee,Massachusetts,Hampden County,25013,01020,42.2064633269613,-72.57240795887118,197517.79,451868.81,31579
f1ce8b57-b075-8aa3-e057-0e19a6583ab8,2016-11-25,,999-23-1435,,,,Tobias236,Kevin729,Zulauf375,,,,white,nonhispanic,M,Boston  Massachusetts  US,1033 Ziemann Village,Shrewsbury,Massachusetts,Worcester County,,00000,42.31381945311239,-71.71004969940749,24364.56,0.00,72260
a68b87fe-a2f5-ff70-942c-6a8bf66e8570,2013-05-06,,999-56-7097,,,,Michale231,Beau391,Farrell962,,,,white,nonhispanic,M,Peru  Massachusetts  US,652 Homenick Rest,Chelmsford,Massachusetts,Middlesex County,,00000,42.631361405027626,-71.34735666996495,17750.09,21383.37,119149
847a8e8b-7b74-c9d5-f0b3-99a194839309,1990-05-04,,999-77-1416,S99928809,X26084255X,Mr.,Pasquale620,Mauro926,Marvin195,,,M,white,nonhispanic,M,Framingham  Massachusetts  US,830 Dach Neck Apt 56,Northampton,Massachusetts,Hampshire County,25015,01060,42.336876768494946,-72.69351882478021,99980.10,733.87,90648
85bca6b1-d64e-fc4f-8535-496a9c2e0d95,2003-11-13,,999-70-9473,S99939517,X19597267X,Mr.,Jack927,,Herzog843,,,,white,nonhispanic,M,Leominster  Massachusetts  US,1099 Dickinson Skyway,Newton,Massachusetts,Middlesex County,25017,02464,42.27319086621274,-71.19175098832733,73256.79,42443.63,162861
1dc3cb21-199e-5ef6-d307-1538f3d536be,1932-02-24,1996-02-03,999-20-7971,S99975597,X38948737X,Mr.,Normand813,Elbert916,Harvey63,,,S,white,nonhispanic,M,Upton  Massachusetts  US,1024 Batz Way,Dartmouth,Massachusetts,Bristol County,,00000,41.5470028744852,-70.94097592942197,11911.23,246777.64,11979
138b0a81-9e97-67ee-6350-cf4722b13769,1995-10-08,,999-33-5750,S99928925,X31595271X,Mr.,Leo278,Jamar151,Koss676,,,M,black,nonhispanic,M,Somerville  Massachusetts  US,660 Reichert Run,Dedham,Massachusetts,Norfolk County,25021,02026,42.190835562968175,-71.22067218697437,58884.43,27169.31,84558
60dba131-9bea-cbcc-1448-5a012256f85c,1997-09-21,,999-58-7258,S99923718,X16014081X,Mr.,Ronny764,Herschel574,Becker968,,,M,white,nonhispanic,M,Great Barrington  Massachusetts  US,318 Greenfelder Vista,Lexington,Massachusetts,Middlesex County,25017,02421,42.45694720636562,-71.1789734247765,128938.91,604.20,72759
e800fd23-0e97-4be8-4df8-30cf35b0fba3,1994-03-07,,999-50-2865,S99931674,X34972534X,Ms.,Beatriz277,Kris249,Dach178,,,S,white,nonhispanic,F,Ludlow  Massachusetts  US,416 Gulgowski Vista,Dartmouth,Massachusetts,Bristol County,,00000,41.59382324691952,-70.9678273854044,187162.51,605956.95,42002
229856ff-cb0d-37f9-ecc2-af6505e36cc4,1974-08-08,2018-06-26,999-29-8352,S99944407,X19498793X,Mr.,Mitch821,Winford225,Heidenreich818,,,M,white,nonhispanic,M,Cambridge  Massachusetts  US,256 Mayert Passage Unit 2,New Bedford,Massachusetts,Bristol County,25005,02748,41.64453617897357,-70.94920840997153,16787.58,220761.77,18813
3561e0e7-270d-4ec0-a3c4-6cacfff774f8,2013-06-06,,999-84-5698,,,,Rayford811,,Keeling57,,,,white,nonhispanic,M,Boston  Massachusetts  US,455 Weissnat Highlands,North Seekonk,Massachusetts,Bristol County,,00000,41.840790003687644,-71.37975251883812,44184.92,4301.17,222652
37ebc00f-ab4b-f8a1-34e2-1de112033485,2020-06-24,,999-57-3437,,,,Elmo857,Clinton763,Medhurst46,,,,white,nonhispanic,M,Lawrence  Massachusetts  US,840 Funk Union,Groton,Massachusetts,Middlesex County,25017,01450,42.5883214127795,-71.55276858976192,10801.04,17099.88,148008
93cfbaff-1d16-c53c-08ab-978862d7bb2d,1989-05-05,,999-76-7439,S99953195,X61546528X,Ms.,Cecile401,Sari509,McClure239,,,S,white,nonhispanic,F,Cambridge  Massachusetts  US,511 Gulgowski Rapid Unit 16,Medway,Massachusetts,Norfolk County,,00000,42.1512673263714,-71.44226240407592,223652.71,475176.41,148817
819170b8-068b-ec6b-529c-bf393b5d2f10,1989-11-14,,999-87-4777,S99912360,X21247221X,Mr.,Ronny764,,Lang846,,,M,white,nonhispanic,M,Holden  Massachusetts  US,415 Grant Green Apt 38,Everett,Massachusetts,Middlesex County,25017,02149,42.40704293261178,-71.02552849065175,73495.18,16440.40,48915
f8e13de0-93c3-5a66-5898-3623f9b1a336,1974-08-08,,999-29-9904,S99930141,X18204972X,Mr.,Forest317,Trenton748,Hammes673,,,M,white,nonhispanic,M,Brookline  Massachusetts  US,1024 Bahringer Corner,New Bedford,Massachusetts,Bristol County,25005,02746,41.63436078476078,-70.98026331174619,18457.54,269436.11,18813
be0cc010-61ff-286b-483e-d62d87479562,1932-02-24,,999-79-8352,S99981959,X19923389X,Mr.,Avery919,Marco578,Willms744,,,M,white,nonhispanic,M,Monson Center  Massachusetts  US,225 Grady Terrace Apt 90,Dartmouth,Massachusetts,Bristol County,,00000,41.60741461033253,-70.92337448797535,28179.86,517980.12,11979
fea28c80-d2e2-e7ce-2570-ad0471d23d8d,2013-10-24,,999-13-8390,,,,Layla49,Addie421,Murphy561,,,,white,nonhispanic,F,Chelsea  Massachusetts  US,556 Homenick Boulevard,Taunton,Massachusetts,Bristol County,25005,02780,41.952139698399726,-71.11807444264736,15697.76,13479.36,128690
a44ba346-2d37-0074-c7e7-91e5659faf66,1969-02-16,,999-92-6569,S99997267,X40716045X,Mr.,Asa127,Randolph418,Romaguera67,,,D,white,nonhispanic,M,South Amherst  Massachusetts  US,176 Shields Village,Beverly,Massachusetts,Essex County,25009,01915,42.55886699962495,-70.84421397464182,120604.25,76485.37,107930
0f88ec61-079e-c60a-2f44-47ee5a9b8196,2006-10-20,,999-77-2852,S99944158,,Ms.,Lashell363,Melina208,Schoen8,,,,white,nonhispanic,F,Orange  Massachusetts  US,1018 Schinner Way Unit 60,Gardner,Massachusetts,Worcester County,25027,01440,42.62554001092307,-72.02893247028773,67490.38,100776.67,33177
633c3d52-eeb0-302e-a350-e6a568ccc066,2016-03-16,,999-71-9111,,,,Caryn49,Shondra529,Gerhold939,,,,white,nonhispanic,F,East Falmouth  Massachusetts  US,739 Upton Viaduct,Lawrence,Massachusetts,Essex County,25009,01843,42.72619474832866,-71.16830029733933,29769.96,6211.40,62401
33d05429-9806-2165-0175-fc95daad2849,1973-08-15,,999-96-3084,S99930063,X67870065X,Mrs.,Dreama246,Fermina506,Kohler843,,Grimes165,M,white,nonhispanic,F,Salem  Massachusetts  US,612 Kling Approach Suite 49,Lexington,Massachusetts,Middlesex County,25017,02421,42.39286924855868,-71.2006439814522,44999.14,504154.56,454589
2eeb8c59-db48-01e8-02b8-6a5bd7c657a7,1990-06-14,,999-54-1301,S99966740,X7732999X,Mrs.,Tamiko523,Daniella68,Cronin387,,Carroll471,M,white,nonhispanic,F,Lexington  Massachusetts  US,895 Conroy Orchard Apt 33,Norfolk,Massachusetts,Norfolk County,,00000,42.15610233727144,-71.30142401087748,242022.30,751323.43,197676
cfefdae2-fab0-453c-9cff-c73d2ef23607,1996-10-24,,999-56-7375,S99972916,X2004680X,Mrs.,Alma679,Yer774,Auer97,,Weissnat378,M,native,nonhispanic,F,Adams  Massachusetts  US,694 Reichel Crossing,Boston,Massachusetts,Suffolk County,25017,02467,42.3551559055151,-71.09588877758841,119937.14,985085.25,45080
f77bfbb2-e3f6-d8b1-9ff0-dd66ca156f1b,1980-03-30,,999-79-9926,S99910902,X31472485X,Ms.,Demetrice140,Jenice416,Monahan736,,,S,white,nonhispanic,F,West Springfield  Massachusetts  US,790 Doyle Mews,Blackstone,Massachusetts,Worcester County,,00000,42.036689710806364,-71.58105418481402,280644.58,79221.28,54583
d6bc05f8-5d4e-8b85-68f9-41a1ea3c8006,1982-09-11,,999-32-7148,S99919137,X52887958X,Ms.,Hulda44,Jenee387,West559,,,S,native,nonhispanic,F,Brockton  Massachusetts  US,920 Legros Ville,Medford,Massachusetts,Middlesex County,25017,02145,42.40521340482354,-71.11179964031712,1126723.96,561536.16,59377
55cf3c1a-1f0a-24fd-eb61-388ba93934a3,2021-01-15,,999-13-2153,,,,Caleb651,Haywood675,Turcotte120,,,,white,nonhispanic,M,Boston  Massachusetts  US,674 Herman Brook,Quincy,Massachusetts,Norfolk County,25021,02171,42.29829854975427,-70.98272459791256,12044.01,0.00,115213
38b584ed-0d5d-e89d-24b8-1cc9059faf69,2011-11-20,,999-24-5450,,,,Kerstin790,Garnett735,Lockman863,,,,white,nonhispanic,F,Holyoke  Massachusetts  US,228 Moen Club,Fall River,Massachusetts,Bristol County,25005,02747,41.67756919304795,-71.027148938087,47257.80,117395.82,38169
52bf278c-df6c-fcb5-be44-5c7d84c60877,2018-05-12,,999-11-4055,,,,Kenia28,Catheryn300,Conroy74,,,,white,nonhispanic,F,Brookline  Massachusetts  US,677 Weissnat Track,Boston,Massachusetts,Suffolk County,25025,02210,42.238132026450955,-71.03771844338716,30491.25,4373.22,72781
0e20e9cb-172c-00b9-2004-f8e64b31c1bb,1976-08-16,,999-31-1909,S99913370,X56283006X,Ms.,Karole140,Lucrecia714,Homenick806,,,S,white,nonhispanic,F,Chelmsford  Massachusetts  US,109 Dooley Ranch,Monson,Massachusetts,Hampden County,,00000,42.102055749882105,-72.30705917019091,142209.91,482691.52,33584
97ed9e8e-34c2-52fb-cdf3-9beffefda05d,2012-10-09,,999-31-5109,,,,Marlys304,Vallie201,Lockman863,,,,white,nonhispanic,F,Dudley  Massachusetts  US,563 Bogan Union,Townsend,Massachusetts,Middlesex County,25017,01469,42.62172239200684,-71.70516878902109,33486.24,66506.67,96719
b81c7a7a-61d9-d804-0fb0-da5cd4e704c1,1999-05-31,,999-88-3181,S99993608,X81418685X,Ms.,Brittany443,Adriene242,Runolfsdottir785,,,,white,nonhispanic,F,Quincy  Massachusetts  US,866 Predovic Rue,Pittsfield,Massachusetts,Berkshire County,25003,01201,42.469704180628746,-73.29887140911751,102004.08,480033.79,91000
a4f34bfb-4242-8cda-1776-55ec93dc9e01,1967-05-29,,999-14-2591,S99993078,X7520008X,Mr.,Terrence276,Van763,Senger904,,,M,white,nonhispanic,M,Haverhill  Massachusetts  US,608 Collins Station,Worcester,Massachusetts,Worcester County,25027,01610,42.293583970913005,-71.76404831424578,147200.96,0.00,91537
f3bfd752-fbb0-6512-35f0-a6a5cc3d6737,2023-09-09,,999-17-1308,,,,Ozzie259,Jody426,Emard19,,,,white,hispanic,M,Boston  Massachusetts  US,777 Bayer Terrace,Belchertown,Massachusetts,Hampshire County,25015,01007,42.29203160222532,-72.43161319243777,8286.63,342.60,133580
7e0fb0ef-3ba2-cb53-5595-a5756edc682b,2011-12-17,,999-48-6192,,,,Jordan900,Chase54,Lowe577,,,,black,nonhispanic,M,Hull  Massachusetts  US,498 Batz Branch,Wellesley,Massachusetts,Norfolk County,25021,02482,42.33063527270919,-71.27107965730868,34612.67,4622.16,131808
8f40833d-b5e7-0c7c-8879-ea281ac0a110,1969-10-19,,999-18-1302,S99922041,X59649493X,Mr.,Brad867,Arlen68,Mohr916,,,M,white,nonhispanic,M,Mansfield  Massachusetts  US,986 Kulas Ramp,Norwell,Massachusetts,Plymouth County,,00000,42.19692157084415,-70.7899525843942,249758.87,152040.84,92613
5e54ca67-a82e-f0ef-c184-9c3c6abf53c2,1986-10-29,,999-57-5273,S99982005,X3722814X,Mrs.,Delana41,Fred155,Mayert710,,Hahn503,M,white,nonhispanic,F,Norwood  Massachusetts  US,583 Ullrich Grove Apt 32,Springfield,Massachusetts,Hampden County,25013,01105,42.10919456806982,-72.49402757237465,336628.09,444545.46,93331
082db70a-435b-ff89-9b43-e8a4279908d8,2022-05-14,,999-46-5662,,,,Jeffrey461,Jody426,Leuschke194,,,,black,nonhispanic,M,Quincy  Massachusetts  US,198 Lind Parade,Taunton,Massachusetts,Bristol County,25005,02767,41.8854998433692,-71.1099588687429,5535.17,7648.40,99571
3f75fef6-1434-8ef0-3dc4-2b8d812e6ca6,1948-03-31,2005-05-31,999-12-2096,S99947936,X45362095X,Mrs.,Megan108,Lyndia317,Heaney114,,Brown30,M,white,nonhispanic,F,Newton  Massachusetts  US,1082 Russel Pathway,Grafton,Massachusetts,Worcester County,,00000,42.23348240382009,-71.69172329778132,671703.54,33634.76,109301
22bfca19-8b2f-8751-0eaa-3325267d1869,1974-11-18,,999-68-2769,S99943404,X67906511X,Mrs.,Aliza77,Melba931,Tromp100,,Reynolds644,M,white,nonhispanic,F,Winchester  Massachusetts  US,950 Erdman Promenade Apt 87,Worcester,Massachusetts,Worcester County,25027,01603,42.33583505317493,-71.74377451945844,234420.97,641964.37,29105
a9deb77f-e553-6915-c1c1-fac3622a405e,1922-11-29,2014-05-19,999-37-7056,S99939101,X66092155X,Mrs.,Audra143,Renda520,Streich926,,Aufderhar910,M,black,hispanic,F,Belchertown  Massachusetts  US,613 Corkery Pathway,Boston,Massachusetts,Suffolk County,25025,02120,42.256163661480294,-71.0712220370198,941246.34,590680.90,116659
b770ed3c-593f-a7ee-5401-5de99e8d2b34,1990-02-04,,999-75-5632,S99954453,X45033209X,Mr.,Dallas143,Henry768,Schiller186,,,M,white,nonhispanic,M,Taunton  Massachusetts  US,720 Hessel Estate Apt 70,Marshfield,Massachusetts,Plymouth County,25023,02050,42.09686406661228,-70.722348541419,248074.93,110596.33,77094
ac8ebed8-1096-4475-0b12-2647b1f0684f,1965-06-30,,999-31-1824,S99929193,X66105894X,Mr.,Alberto639,Ramiro608,Sarabia507,,,M,white,hispanic,M,Gaudalajara  Jalisco  MX,760 Heidenreich Annex Suite 31,Danvers,Massachusetts,Essex County,25009,01937,42.63103035663258,-70.9429798311275,14277.99,882237.62,23166
ebbb9222-6043-96e1-e7d6-cede71a8d389,1967-12-04,,999-41-4183,S99989393,X43287592X,Mrs.,Sheryl275,,Ledner144,,Emmerich580,M,white,nonhispanic,F,Lynn  Massachusetts  US,333 Kessler Trail Unit 50,Barre,Massachusetts,Worcester County,25027,01005,42.45598591652615,-72.12973631010294,141586.70,964430.21,24264
e019da65-8ad7-095f-bd75-f1c913979ea4,2016-11-10,,999-84-8142,,,,Seth414,Sung603,Bartell116,,,,white,nonhispanic,M,Uxbridge  Massachusetts  US,948 Bechtelar Overpass,Brockton,Massachusetts,Plymouth County,25023,02302,42.07059399797514,-70.98061904842177,1300.00,31357.89,18074
7256eafd-eda0-2c96-d376-63d6b1270f69,1948-03-31,,999-79-9325,S99975065,X26415477X,Mrs.,Desire394,Carylon722,Bernier607,,Fadel536,D,white,nonhispanic,F,Natick  Massachusetts  US,972 Stokes Grove,Grafton,Massachusetts,Worcester County,,00000,42.17127325505874,-71.72279787260271,1075050.91,287683.73,109301
caf0df37-c49a-7f25-0a3a-3ca06e403ee0,2000-07-16,,999-87-1538,S99919706,X61611753X,Mr.,Marshall526,,Schmeler639,,,,white,nonhispanic,M,Somerville  Massachusetts  US,247 Schoen Lane Apt 81,Sharon,Massachusetts,Norfolk County,25021,02067,42.153013021136196,-71.16374057885747,49023.60,0.00,162853
7f6573cb-be12-0b7d-5520-c870af7e96cb,1999-05-28,,999-18-1920,S99988431,X29238848X,Mr.,Cortez851,Steve819,Morar593,,,,asian,nonhispanic,M,Acushnet Center  Massachusetts  US,736 Klocko Avenue,Lowell,Massachusetts,Middlesex County,25017,01854,42.59493338457189,-71.32880921803171,96730.35,620554.66,33937
79a5c99f-430a-8731-7528-2fdd4b745e36,1922-11-29,2007-09-21,999-25-4879,S99969171,X29284236X,Mrs.,Imelda608,Lara964,Jakubowski832,,Erdman779,M,black,hispanic,F,Hubbardston  Massachusetts  US,813 Hirthe Mews Apt 63,Boston,Massachusetts,Suffolk County,25025,02126,42.30487437240388,-71.12998115879334,1258853.18,775189.48,116659
ee2e8fef-4eb4-950e-d59d-2fb6dde7ee39,2014-12-06,,999-81-9350,,,,Amie520,Lynell252,Price929,,,,black,nonhispanic,F,Needham  Massachusetts  US,835 Jast Row,Avon,Massachusetts,Norfolk County,,00000,42.096837618889055,-71.07265483843666,6841.51,12875.46,57730
e5c7553a-1f84-6699-f81c-7bc086ea0d09,1989-05-30,,999-54-7398,S99931751,X66234912X,Mr.,Gordon377,Noble66,Hills818,,,D,white,nonhispanic,M,Wrentham  Massachusetts  US,991 Erdman Camp Apt 11,North Seekonk,Massachusetts,Bristol County,,00000,41.86052354808424,-71.33183960882904,69941.84,32818.49,60516
8a390714-9d1f-d19e-1cbb-bda11ad88e0d,1918-12-10,1991-02-20,999-16-7361,S99964742,X58060745X,Mr.,Esteban536,Williams176,Botsford977,,,M,asian,nonhispanic,M,Boston  Massachusetts  US,561 Price Forge,Pepperell,Massachusetts,Middlesex County,25017,01463,42.62388415322832,-71.61822870308626,301805.99,187094.39,38966
3c842300-e7c9-31b3-a0a5-4d07c8060215,1922-11-29,,999-39-4016,S99971392,X42467086X,Mrs.,Leora789,Jeane173,Raynor401,,Balistreri607,D,black,hispanic,F,Methuen  Massachusetts  US,644 Watsica Overpass,Boston,Massachusetts,Suffolk County,25025,02126,42.35504501942295,-71.10308169229042,1573192.05,507069.61,116659
ddd17ad2-090a-86d4-0810-e73758d4ac09,1953-06-04,,999-31-6246,S99925346,X25230143X,Mr.,Terrell212,Tyron580,Abbott774,,,S,white,nonhispanic,M,Weymouth  Massachusetts  US,802 Schaden Road Apt 19,Boston,Massachusetts,Suffolk County,25025,02122,42.34810696663394,-71.08452923482865,26778.25,745766.02,13817
658f4096-a603-830d-3f3c-61d6fc575f13,1918-12-10,2004-07-05,999-60-4604,S99963728,X72603068X,Mr.,Elbert916,Xavier983,Shanahan202,,,M,asian,nonhispanic,M,Falmouth  Massachusetts  US,958 Price Dale,Pepperell,Massachusetts,Middlesex County,25017,01463,42.7172042753243,-71.59113313695855,273064.56,663127.69,38966
97a8af5e-4ce6-3385-553b-8abc1e88d682,1918-12-10,1986-04-23,999-40-7937,S99957623,X26087135X,Mr.,Jaime666,Roberto515,Stracke611,,,W,asian,nonhispanic,M,Lowell  Massachusetts  US,704 Yundt Course Apt 77,Pepperell,Massachusetts,Middlesex County,25017,01463,42.70218682128319,-71.58453229212111,442590.12,1810798.77,38966
687a8889-c453-33fb-beaa-b3a66b740ef4,1918-12-10,1985-09-19,999-95-1067,S99999813,X71357488X,Mr.,Deangelo7,Fritz267,Lemke654,,,M,asian,nonhispanic,M,Boston  Massachusetts  US,751 Ondricka Station,Pepperell,Massachusetts,Middlesex County,25017,01463,42.622652967782855,-71.64733528916896,161212.18,455868.22,38966
276d7956-429b-b33e-e530-0d376b4a4435,1918-12-10,2006-07-29,999-54-4570,S99962132,X14809704X,Mr.,Edgar153,Robbie31,Feest103,,,M,asian,nonhispanic,M,Lawrence  Massachusetts  US,446 Breitenberg Boulevard Suite 72,Pepperell,Massachusetts,Middlesex County,25017,01463,42.66164096998477,-71.56004963518764,468399.90,690039.89,38966
459d8a62-72a6-f011-c5f9-240f4353c175,1918-12-10,1990-12-12,999-41-4488,S99952006,X76841070X,Mr.,Sammy219,Clint766,Streich926,,,M,asian,nonhispanic,M,Methuen  Massachusetts  US,445 Stoltenberg Harbor,Pepperell,Massachusetts,Middlesex County,25017,01463,42.71419338382885,-71.5752311253831,187870.00,3028256.18,38966
56d2c3d2-8082-283a-6df6-72dc6f26cfc6,1918-12-10,2005-07-05,999-29-9973,S99982308,X22465675X,Mr.,Devin82,Wilfred787,Jakubowski832,,,D,asian,nonhispanic,M,Pittsfield  Massachusetts  US,967 Purdy Well,Pepperell,Massachusetts,Middlesex County,25017,01463,42.64282429218194,-71.5890556819242,444108.92,207635.72,38966
d0aa1dcd-b7f7-f40f-5f8b-0f970d3b1c70,1918-12-10,2019-05-15,999-67-9791,S99941376,X21362824X,Mr.,Burton124,,Hamill307,,,M,asian,nonhispanic,M,Fall River  Massachusetts  US,745 Yundt Lodge Apt 98,Pepperell,Massachusetts,Middlesex County,25017,01463,42.69782442176216,-71.60235481830907,266902.05,740255.39,38966
de1aab3d-0853-ce35-0b15-22ddc1700881,1918-12-10,,999-18-6368,S99949326,X58659193X,Mr.,Cedrick207,Dino214,Hahn503,,,D,asian,nonhispanic,M,Pepperell  Massachusetts  US,1092 Tromp Manor,Pepperell,Massachusetts,Middlesex County,25017,01463,42.66583807258725,-71.57240309259838,299997.00,250305.12,38966
